Paste your text here,Generated Summary and Quiz,timestamp
"India is the seventh-largest country and most populous democracy in the world. It is located in South Asia and was officially declared as the Republic of India after its independence from British rule. India has unique topographical features – plains of central India, rain forests of the north east, icy cold Himalayan region and dry arid desert in west, among others. The cultural, linguistic and religious diversity of India is as much diverse as its geography.

Indian culture differs from place to place and is a union of several different cultures, spread across the length and breadth of the continent. Although there are 22 Languages imbibed in the Constitution of India, there are more than 1900 dialects or mother tongues are spoken throughout the nation. This huge cultural and linguistic diversity of India is one of its most distinguished features.","1. Where is India located?
Answer: South Asia

2. What was India officially declared as after gaining independence from British rule?
Answer: Republic of India

3. What are some of the unique topographical features of India?
Answer: Plains, rain forests, Himalayan region, desert

4. How many languages are included in the Constitution of India?
Answer: 22

5. How many dialects or mother tongues are spoken in India?
Answer: More than 1900

6. What is one of the most distinguished features of India?
Answer: Cultural and linguistic diversity

7. What is the population of India?
Answer: Most populous democracy in the world

8. What is the rank of India in terms of size?
Answer: Seventh-largest country

9. What is the diversity in India like?
Answer: Cultural, linguistic, and religious diversity

10. What makes Indian culture unique?
Answer: Union of several different cultures across the country.",2025-09-04 12:32:43.846925
"79th Independence Day Of India: On August 15, India will celebrate its 79th Independence Day, commemorating the nation’s hard-fought freedom from 200 years of British colonial rule in 1947. Recognised as a national holiday, Independence Day is marked by official ceremonies and patriotic fervour across the country. The day begins with the Prime Minister hoisting the national flag at the Red Fort in",,2025-09-16 22:07:44.888572
